S. No.,Key (NHS No.),Val_1 (First_Name),Val_2 (Email),Val_3 (Gender)
1,5808001331,Lauryn,lborleace0@behance.net,Non-binary
2,6842108314,Dael,dzambon1@cisco.com,Male
3,8869076261,Berne,bdanovich2@ft.com,Male
4,1784862444,Moore,mallone3@nifty.com,Male
5,199346070,Husain,hlacky4@spiegel.de,Male
6,8284383438,Garrek,ghaxell5@barnesandnoble.com,Male
7,6989633700,Flemming,fellens6@hubpages.com,Male
8,3404833589,Kerrin,ktredinnick7@youtube.com,Female
9,11986425,Wilhelm,wattard8@soundcloud.com,Male
10,9655041506,Dav,dbroadstock9@usda.gov,Male
11,1671542266,Courtney,cfromonta@goo.gl,Male
12,7622116068,Zonnya,zlermitb@amazon.co.jp,Agender
13,2284326374,Madlin,msteartc@fc2.com,Female
14,3489109945,Tobin,tbaudond@about.com,Male
15,3933297699,Gillian,gretallacke@reverbnation.com,Female
16,201149168,Winnie,wcongreavef@home.pl,Male
17,3077399474,Nadiya,nguddg@jugem.jp,Female
18,7998680075,Lind,lkaserh@squidoo.com,Agender
19,6214086815,Cyrille,cormani@cnet.com,Male
20,6397211215,Bartram,bciepluchj@discuz.net,Male
21,2631858328,Orren,ostithek@huffingtonpost.com,Male
22,4881270125,Laney,lbirdfieldl@princeton.edu,Agender
23,6297834539,Bogey,bvenourm@newsvine.com,Male
24,8356946913,Parry,pkippinsn@google.pl,Male
25,8603857938,Winthrop,wgoddingo@seesaa.net,Male
26,6606153174,Wilow,wholthamp@macromedia.com,Female
27,1561951102,Laetitia,landrasq@uol.com.br,Female
28,538721812,Julita,jwisbeyr@amazon.de,Female
29,5835581661,Dorelle,dalwells@cbslocal.com,Female
30,4693528331,Karlie,kgabbetist@icio.us,Female
31,1716463327,Yanaton,yhemphallu@1688.com,Male
32,1188199986,Maddy,mmenichiv@earthlink.net,Male
33,3803229154,Madlen,myeatmanw@spiegel.de,Female
34,1140806203,Stevie,scaruthx@msu.edu,Male
35,4628393257,Gunilla,gworksy@mysql.com,Female
36,5607163091,Vassily,vnorawayz@vk.com,Male
37,4635889688,Chas,cdundon10@bbc.co.uk,Male
38,4132387747,Barn,bygou11@bloglines.com,Male
39,9774918916,Stoddard,sodgers12@google.nl,Female
40,2477089692,Tiffany,tgrinsdale13@cyberchimps.com,Female
41,9550068560,Coletta,cclemente14@ask.com,Female
42,1521606455,Hollis,hbecks15@cyberchimps.com,Male
43,2447179154,Therine,tmcguane16@over-blog.com,Female
44,4209500437,Joaquin,jeggleton17@nyu.edu,Male
45,8646665275,Merci,mbertelsen18@sogou.com,Female
46,6576871007,Florella,fbodley19@google.com.br,Female
47,1607631369,Beckie,bpankethman1a@paypal.com,Female
48,6976426140,Clementius,cduiguid1b@cnbc.com,Male
49,2608195628,Suzi,sboxhill1c@google.ca,Female
50,6471273568,Natalie,ngodsell1d@technorati.com,Female
51,4745757433,Camile,ccescotti1e@epa.gov,Female
52,4230049897,Victoir,vickovici1f@techcrunch.com,Male
53,347655777,Marlowe,mcullington1g@auda.org.au,Male
54,6616268934,Shelton,srickersey1h@friendfeed.com,Male
55,2827040123,Dougie,dbasilotta1i@japanpost.jp,Bigender
56,1066319839,Jobye,jstambridge1j@answers.com,Female
57,5661728891,Riccardo,rclancey1k@huffingtonpost.com,Male
58,8500552522,Crawford,cwhoolehan1l@bloglines.com,Male
59,5631592096,Astra,ascamerden1m@exblog.jp,Female
60,9900711750,Lynnea,lhightown1n@narod.ru,Female
61,6243404900,Perry,ppetyt1o@home.pl,Female
62,1230147381,Adam,aokey1p@edublogs.org,Agender
63,1671765435,Edik,egipson1q@1und1.de,Male
64,2488043214,Gram,gbiesterfeld1r@wunderground.com,Male
65,9252848363,Winny,wbarthropp1s@nationalgeographic.com,Female
66,414917650,Barbabra,bkierans1t@google.nl,Female
67,5806385639,Lyle,lswinnard1u@opera.com,Agender
68,3170475347,Roderic,rskoof1v@hatena.ne.jp,Male
69,6754495553,Hank,hspeeks1w@paypal.com,Male
70,6708475383,Gratia,gmatthiesen1x@guardian.co.uk,Female
71,9819464560,Layney,lgoscar1y@biblegateway.com,Female
72,1764892143,Bee,bmccaughren1z@biglobe.ne.jp,Female
73,4819843354,Sax,shigginbottam20@utexas.edu,Male
74,3956211170,Min,mledgerton21@eepurl.com,Female
75,1593347219,Job,jweins22@facebook.com,Male
76,7083435855,Lian,lberkley23@mozilla.org,Female
77,1950151077,Chevy,cwilmot24@yandex.ru,Male
78,3961746672,Hartley,hhanbidge25@istockphoto.com,Male
79,1573388750,Hodge,hdavidovici26@google.es,Male
80,3784387136,Hadria,hnewbold27@mit.edu,Non-binary
81,8673747384,Whit,wcornfoot28@github.io,Male
82,575186453,Had,hgeist29@zimbio.com,Male
83,8193658051,Corney,ckeady2a@ted.com,Male
84,9557421045,Kaine,kmassingberd2b@apache.org,Male
85,9899680095,Ardenia,alefevre2c@harvard.edu,Genderfluid
86,5656338797,Andris,aronaghan2d@com.com,Male
87,339173831,Bekki,blassen2e@unblog.fr,Female
88,9357604499,Ranee,rbanes2f@icio.us,Female
89,605538840,Raddie,rhuguenet2g@reference.com,Male
90,1719655774,Martelle,mnudd2h@unesco.org,Female
91,643104526,El,ebarlthrop2i@ycombinator.com,Male
92,324510403,Gillan,gbartel2j@paypal.com,Female
93,2730727515,Rouvin,rpunshon2k@dmoz.org,Polygender
94,2913771521,Karylin,kpedrollo2l@dedecms.com,Female
95,2408514568,Gretal,gzanitti2m@ftc.gov,Female
96,8395540337,Barbey,bcapozzi2n@about.com,Female
97,9423423868,Skippie,sshillitto2o@netscape.com,Male
98,2915953422,Bennett,bbabcock2p@geocities.com,Male
99,6754648236,Lindi,lrigg2q@java.com,Female
100,4141368695,Wash,wmcguffog2r@nasa.gov,Male
101,1411492064,Leeland,lfairebrother2s@amazon.com,Genderqueer
102,6660747648,Eilis,eormston2t@privacy.gov.au,Female
103,4047778451,Mufinella,mfulker2u@google.es,Female
104,936847069,Benito,bdelhanty2v@irs.gov,Male
105,3201348902,Kennedy,kmorgans2w@prnewswire.com,Male
106,9523120905,Chariot,chearle2x@edublogs.org,Male
107,8221926736,Em,epassy2y@reuters.com,Female
108,9048092035,Dame,dmiddle2z@soundcloud.com,Male
109,768450829,Fergus,fopie30@symantec.com,Male
110,2438817070,Sibel,sbolter31@hubpages.com,Female
111,2303780675,Minda,mmackieson32@psu.edu,Female
112,788857622,Ingrid,icatonnet33@japanpost.jp,Female
113,1215585330,Rachael,rkhadir34@oracle.com,Non-binary
114,950583731,Kitti,kfernandez35@arizona.edu,Female
115,1383543690,Russ,rcavey36@ucoz.com,Male
116,5951039118,Gabey,gjosskowitz37@storify.com,Female
117,1004262558,Maggi,mmattiacci38@yahoo.co.jp,Female
118,8563034448,Gard,gcharlet39@nasa.gov,Male
119,3813209490,Verena,vgadson3a@redcross.org,Polygender
120,5947220393,Lamont,lalessandrini3b@biblegateway.com,Male
121,9838559210,Maryjane,mfroude3c@gnu.org,Female
122,9192806228,Steffen,smahady3d@com.com,Male
123,2144686785,Andrej,adownage3e@google.co.jp,Male
124,7302801150,Sigfrid,sbroxis3f@omniture.com,Male
125,3423134240,Erv,emacloughlin3g@csmonitor.com,Male
126,7469252061,Isaac,ipooly3h@yale.edu,Male
127,4725584770,Stacee,swooff3i@over-blog.com,Male
128,2480139026,Viki,vmytton3j@paypal.com,Female
129,5774574563,Willette,wdulanty3k@pinterest.com,Female
130,7102077637,Ginnie,gshoobridge3l@cyberchimps.com,Female
131,113222513,Jackson,jkach3m@yelp.com,Male
132,5784814125,Alva,aloynton3n@arizona.edu,Male
133,9199133253,Nappy,nsang3o@soup.io,Agender
134,3714141251,Laney,lloggie3p@studiopress.com,Male
135,8430571302,Ruthy,rcardow3q@admin.ch,Female
136,249175657,Lindsay,lmaysor3r@admin.ch,Female
137,3640422295,Tomasina,thiland3s@webeden.co.uk,Female
138,3790724319,Gabriel,gcranham3t@google.co.uk,Male
139,4129486837,Benedikta,bhaws3u@abc.net.au,Female
140,9404760293,Lucilia,lquiddington3v@lulu.com,Female
141,6429568121,Berte,bgilluley3w@furl.net,Female
142,9816017784,Torrey,tfedorchenko3x@blinklist.com,Male
143,6039762470,Rosie,rsanpere3y@skype.com,Female
144,2780939346,Dulcine,dmil3z@discuz.net,Female
145,7587144862,Mada,mgillan40@storify.com,Female
146,1606336592,Christy,cgatward41@themeforest.net,Agender
147,1966508476,Maiga,mbernardo42@buzzfeed.com,Female
148,7313121539,Gerry,gsked43@typepad.com,Female
149,3169751859,Rozella,rrivilis44@nydailynews.com,Female
150,6620972845,Neil,npalser45@instagram.com,Male
151,4077001471,Josefa,jnoraway46@sakura.ne.jp,Female
152,443935939,Maryrose,morts47@cnn.com,Female
153,9113125095,Damien,dstych48@lulu.com,Bigender
154,8902814904,Nate,ntomczykiewicz49@unicef.org,Male
155,9214214948,Laurens,ldunne4a@google.pl,Genderqueer
156,8955965966,Gerladina,gantonellini4b@theglobeandmail.com,Female
157,961226811,Luther,lmaclennan4c@ucoz.ru,Male
158,1779743467,Fin,fdumbare4d@wufoo.com,Male
159,9932648299,Saloma,syakobowitz4e@cnn.com,Female
160,9002768931,Alberik,acraik4f@ustream.tv,Male
161,5731664293,Phip,pharwell4g@netlog.com,Bigender
162,5591769489,Hershel,hdechelette4h@4shared.com,Male
163,3482053677,Nanci,ncockcroft4i@wisc.edu,Female
164,9938486096,Noella,noshee4j@amazon.de,Female
165,8501497533,Othilia,osawell4k@lycos.com,Female
166,79247938,Dionisio,dkelloway4l@github.com,Male
167,3834375136,Anthia,ascatchar4m@example.com,Female
168,1940072662,Sydney,shaverty4n@newyorker.com,Female
169,9541355609,Katherine,kmccracken4o@hatena.ne.jp,Female
170,2574936833,Virge,vmacgauhy4p@boston.com,Male
171,6065559334,Wayland,wvida4q@phpbb.com,Genderfluid
172,9377819458,Berget,btalboy4r@google.ca,Bigender
173,2484807899,Nev,nlivesley4s@archive.org,Male
174,948040319,Ariella,aleydon4t@51.la,Female
175,2955389439,Eduino,egingle4u@sourceforge.net,Polygender
176,1150079274,Early,egumme4v@usa.gov,Male
177,5056482048,Paxton,pmotherwell4w@sciencedirect.com,Male
178,5159474021,Locke,lcondie4x@aol.com,Male
179,6316420447,Eveline,etrehearne4y@google.com.br,Female
180,6603389754,Ibby,icicccitti4z@storify.com,Female
181,4987373416,Cariotta,cbidgod50@blogspot.com,Female
182,8919266166,Rudie,rquinnette51@forbes.com,Male
183,7081067484,Chase,cboulsher52@jimdo.com,Male
184,4926210835,Candie,cwoolvin53@uol.com.br,Non-binary
185,702034770,Tremaine,tbahls54@vistaprint.com,Male
186,8291879796,Pip,plamas55@washingtonpost.com,Male
187,8531393744,Rosaleen,ryouson56@imgur.com,Female
188,6168968814,Saree,sexer57@nature.com,Female
189,9003529981,Shurlock,snevinson58@slate.com,Male
190,7275254689,Sherrie,sriseley59@ibm.com,Female
191,7360252016,Jelene,jquakley5a@shinystat.com,Female
192,5761949369,Joachim,jathy5b@ibm.com,Male
193,6409952805,Jewel,jrigler5c@issuu.com,Female
194,9976095635,Sela,skiely5d@craigslist.org,Female
195,9640830283,Dael,ddelue5e@goo.gl,Male
196,9533032553,Kirsten,kdionisi5f@sourceforge.net,Female
197,7677105033,Wes,wdusey5g@privacy.gov.au,Male
198,3918519767,Bordy,beixenberger5h@umn.edu,Male
199,3618366493,Derron,dleyland5i@google.ca,Male
200,6819720068,Ettore,eshilstone5j@cloudflare.com,Male
201,6981335522,Patrick,pcourtonne5k@tinypic.com,Male
202,7591594079,Emery,efaiers5l@linkedin.com,Agender
203,682356611,Milly,mkolakovic5m@tinypic.com,Female
204,557986990,Karalynn,khirtzmann5n@jugem.jp,Female
205,3054398684,Emily,ekyllford5o@blogger.com,Female
206,8799721767,Ev,elunny5p@t-online.de,Male
207,5177055833,Corbin,cpidgeon5q@creativecommons.org,Male
208,9720510617,Bailie,bbelhome5r@pagesperso-orange.fr,Male
209,9169918899,Cindy,cjewess5s@wikimedia.org,Female
210,3620115265,Ingunna,ihoudhury5t@npr.org,Female
211,232654115,Tracy,tcowoppe5u@naver.com,Male
212,2055496883,Sid,samberg5v@canalblog.com,Male
213,9043576034,Shoshanna,skrienke5w@cam.ac.uk,Female
214,8449900174,Peria,pscarth5x@dedecms.com,Female
215,6008964357,Brien,bwhicher5y@ucoz.com,Male
216,821066188,Diann,drosensaft5z@blogtalkradio.com,Female
217,697958949,Ortensia,oraw60@discovery.com,Female
218,6677600408,Sybila,smcgiff61@purevolume.com,Female
219,3556263351,Kiah,kramberg62@intel.com,Female
220,530544407,Kimberly,khewertson63@newyorker.com,Agender
221,1094897051,Brantley,bcominetti64@google.co.jp,Male
222,9807337585,Heddi,hmushawe65@sakura.ne.jp,Female
223,2184797774,Karlis,kalthorpe66@independent.co.uk,Male
224,9409320089,Gui,gsilvester67@parallels.com,Female
225,7434538775,Pauly,psturman68@spiegel.de,Male
226,4545417752,Reynolds,rvala69@mail.ru,Male
227,8930771866,Modesta,mmacveigh6a@china.com.cn,Female
228,9094960427,Judas,jserginson6b@shareasale.com,Male
229,2711006220,Zsazsa,ztelfer6c@chronoengine.com,Female
230,1060788012,Sondra,slongfut6d@slideshare.net,Genderqueer
231,4589987872,Tessa,tterese6e@sphinn.com,Female
232,3420291469,Anett,arallin6f@fastcompany.com,Female
233,4587033480,Pat,pkirkham6g@xrea.com,Male
234,3960161794,Melony,mfellenor6h@smh.com.au,Female
235,4378872188,Ashley,aogara6i@vk.com,Male
236,9057303957,George,gcarnall6j@yandex.ru,Female
237,7925271132,Kenn,kdomegan6k@narod.ru,Male
238,8331879635,Kaine,krubinsohn6l@epa.gov,Agender
239,4106074583,Cynthia,csambedge6m@skype.com,Female
240,566183021,Maxine,mcheng6n@nytimes.com,Female
241,4342725894,Verile,velderbrant6o@myspace.com,Female
242,2212087853,Sephira,snegal6p@mashable.com,Female
243,3080308662,Francisca,fkelloch6q@miitbeian.gov.cn,Female
244,2838917013,Bendix,bfranies6r@lulu.com,Male
245,2433002109,Rooney,rstapels6s@fema.gov,Male
246,6829606489,Eloisa,egelling6t@aboutads.info,Female
247,2496807228,Leontine,lfilchagin6u@sbwire.com,Female
248,4044067678,Von,vhabble6v@timesonline.co.uk,Male
249,7239004775,Elmira,eschwandermann6w@ning.com,Female
250,308207793,Loraine,lkondratenko6x@slashdot.org,Bigender
251,3585046916,Jeramie,jtwitty6y@ibm.com,Polygender
252,6832934424,Corrinne,cstrangwood6z@unc.edu,Female
253,4259122959,Betteann,bastlett70@topsy.com,Female
254,162067585,Cully,cwright71@usa.gov,Male
255,6346419471,Steward,slawley72@furl.net,Male
256,2611403716,Curtice,cmohammed73@t.co,Male
257,148297951,Joanna,jhutchison74@yandex.ru,Bigender
258,9692645738,Terrence,tbaudouin75@t.co,Male
259,991438167,Ema,equiney76@latimes.com,Female
260,2613473320,Marjie,mcroy77@china.com.cn,Female
261,7481744939,Rock,rfolbige78@php.net,Male
262,7037694037,Rosanna,raulton79@networkadvertising.org,Female
263,8440812841,Kylie,kgilchriest7a@goodreads.com,Female
264,6871329854,Kinnie,krexworthy7b@ifeng.com,Male
265,2085902510,Stevy,sorder7c@japanpost.jp,Male
266,1737541343,Dorie,dmatys7d@xinhuanet.com,Male
267,2202140190,Demeter,dtourle7e@indiatimes.com,Agender
268,8531500435,Aldwin,aspoole7f@techcrunch.com,Male
269,5306795331,Peder,pcrowley7g@reference.com,Male
270,8108762537,Annabell,aangrock7h@technorati.com,Female
271,6770722151,Ingaberg,iharbage7i@hubpages.com,Female
272,3424911488,Maximilien,mburgill7j@archive.org,Genderfluid
273,7846739883,Caspar,cmosdill7k@goo.gl,Male
274,2031218379,Madelin,mspellward7l@slideshare.net,Female
275,9217648388,Cora,ccharle7m@stanford.edu,Female
276,8177948105,Des,dwhitington7n@engadget.com,Male
277,9562545342,Hillyer,hvankov7o@redcross.org,Male
278,6709709957,Blancha,bpury7p@google.com,Bigender
279,7096983805,Winnie,wpellman7q@wordpress.com,Male
280,5143371767,Lidia,lshackesby7r@cbc.ca,Non-binary
281,6391448817,Ingeborg,islatter7s@constantcontact.com,Female
282,4627914997,Carrol,claguerre7t@miibeian.gov.cn,Male
283,2882531648,Darcey,dbartaletti7u@google.es,Female
284,8824164161,Dewey,dsearchfield7v@bandcamp.com,Male
285,6032307875,Selestina,ssimon7w@vistaprint.com,Female
286,4983180486,Forester,fcogdell7x@weather.com,Male
287,9752263941,Filmore,fgilliatt7y@de.vu,Male
288,2188826108,Ted,tgehringer7z@ebay.com,Male
289,5802931973,Donnie,draspin80@businessweek.com,Non-binary
290,7961496238,Stacee,ssagg81@netvibes.com,Female
291,6030335448,Inglebert,itierney82@dion.ne.jp,Male
292,5417503983,Valentin,vwedderburn83@omniture.com,Male
293,5787429095,Garek,gogilby84@github.io,Agender
294,3493169434,Felice,fkennelly85@seesaa.net,Female
295,3151084559,Jesse,jfarlham86@dagondesign.com,Female
296,4462236831,Genovera,gchazerand87@webs.com,Female
297,3739509732,Kristos,klelande88@apple.com,Male
298,6133591412,Josephina,jsturman89@kickstarter.com,Agender
299,4088403010,Jennilee,jcheyne8a@wordpress.org,Female
300,9655081346,Hugues,hdeave8b@cisco.com,Male
301,9414206353,Candace,cesgate8c@mit.edu,Female
302,1893040348,Wendeline,wwildish8d@bluehost.com,Female
303,6629470249,Robinet,rzack8e@sciencedirect.com,Female
304,6036145799,Britney,bfriend8f@wsj.com,Female
305,9058736830,Valery,vhyrons8g@vk.com,Female
306,7080222265,Sheelagh,smccurtain8h@ameblo.jp,Female
307,7280795609,Kellyann,kgoodsal8i@bloomberg.com,Genderfluid
308,8284508060,Ketti,kwheelhouse8j@instagram.com,Female
309,4886174353,Izzy,idurgan8k@slate.com,Male
310,2673079920,Latrena,lgoymer8l@ning.com,Female
311,9925532744,Dwight,dgreenless8m@dmoz.org,Bigender
312,9052697299,Windy,wscrannage8n@moonfruit.com,Female
313,1180079264,Angelique,abromfield8o@spiegel.de,Female
314,4083424923,Dion,dbootland8p@amazon.co.uk,Female
315,7792177262,Isidro,ikaser8q@un.org,Male
316,6853073223,Laurie,lfegan8r@discuz.net,Male
317,7891138451,Jenny,jishaki8s@g.co,Female
318,4890789685,Whitaker,wgheorghe8t@ebay.com,Male
319,5322710922,Morganica,mcamacke8u@sitemeter.com,Female
320,2058311264,Missie,mkingham8v@engadget.com,Female
321,6911631157,Tanhya,tgareisr8w@virginia.edu,Female
322,1878772805,Sim,ssingyard8x@surveymonkey.com,Male
323,6484853916,Stanfield,ssmedmore8y@google.co.uk,Male
324,3991900351,Siouxie,soselton8z@jigsy.com,Female
325,1202932266,Mikel,mwebbbowen90@cyberchimps.com,Male
326,640260667,Chadwick,cspiring91@disqus.com,Male
327,9783182609,Debra,dmackeig92@webmd.com,Non-binary
328,3370608146,Opalina,olittlecote93@ehow.com,Genderfluid
329,63853604,Hillyer,htorres94@typepad.com,Male
330,5050714389,Gabbi,gchinnock95@china.com.cn,Female
331,9998778700,Nat,njessop96@businessweek.com,Female
332,1486396488,Koralle,kkellart97@accuweather.com,Female
333,7831487166,Collen,coshiel98@cbc.ca,Female
334,5848487545,Brendin,bspringham99@wikia.com,Male
335,8676881391,Carmelina,celphinston9a@xinhuanet.com,Female
336,6356094729,Carole,cwalder9b@plala.or.jp,Female
337,759247064,Jolene,jcubbon9c@nyu.edu,Female
338,4420128682,Merla,mkillshaw9d@slideshare.net,Female
339,3466928710,Emylee,emcgilvary9e@time.com,Female
340,4595806515,Rita,rpeyto9f@illinois.edu,Female
341,4754559649,Decca,dwake9g@cbslocal.com,Agender
342,6002990100,Evelina,egilding9h@wired.com,Female
343,216411866,Quentin,qlovick9i@loc.gov,Female
344,3188823053,Feliks,fhards9j@cbslocal.com,Male
345,9662399526,Aubert,adunston9k@wordpress.com,Male
346,6289021591,Bebe,bmckee9l@weebly.com,Female
347,619951176,Anatollo,adowden9m@usgs.gov,Male
348,9759998084,Cirillo,csommerland9n@discuz.net,Male
349,4754600436,Seward,sloosmore9o@marketwatch.com,Male
350,4673615735,Di,dconnell9p@zdnet.com,Female
351,6221307791,Ella,efiggs9q@google.co.jp,Female
352,3258211620,Leonid,lchomicz9r@skyrock.com,Male
353,6244342380,Findlay,fbreukelman9s@bbc.co.uk,Male
354,9408033531,Goldi,gkenton9t@biblegateway.com,Female
355,2504188153,Maddy,mtorre9u@taobao.com,Male
356,9165401379,Woody,wmapp9v@a8.net,Male
357,839052618,Tilly,tbudding9w@51.la,Female
358,9740186920,Violet,vwycliff9x@instagram.com,Female
359,7557396081,Gavrielle,gchateau9y@goo.ne.jp,Female
360,6669937024,Faina,framsted9z@chicagotribune.com,Female
361,5807306422,Jeno,jferiaa0@stumbleupon.com,Male
362,3285173556,Creight,cdoa1@dion.ne.jp,Male
363,759217319,Vincents,vbushea2@kickstarter.com,Male
364,5413971656,Aloin,abengtssona3@answers.com,Male
365,6440009516,Tami,ttideswella4@t-online.de,Female
366,2998455204,Yvonne,ysadrya5@tinyurl.com,Female
367,6513915619,Dru,dkimmincea6@virginia.edu,Male
368,8377522012,Vania,vsturdya7@hexun.com,Female
369,9059109961,Leann,lseresa8@sogou.com,Genderfluid
370,7900119353,Cull,cruppela9@addtoany.com,Male
371,8155114732,Mallissa,mcrannageaa@tinypic.com,Female
372,1871285372,Brita,bbombab@answers.com,Female
373,5407988593,Letisha,lmaltmanac@netlog.com,Female
374,1302952692,Adella,adermotad@nationalgeographic.com,Female
375,7309933230,Giselbert,gcargenvenae@google.com.hk,Male
376,8638353561,Cynthea,cdorricottaf@princeton.edu,Polygender
377,3857724676,Ethel,esoreyag@youtu.be,Female
378,8741029119,Noam,ngoldhawkah@yandex.ru,Male
379,9674874178,Amandie,agatehouseai@baidu.com,Female
380,6753928170,Kassandra,krosaj@google.pl,Female
381,7480555466,Julie,jmatteaak@cocolog-nifty.com,Male
382,8031550433,Stefania,sprattonal@vinaora.com,Female
383,2577848307,Neil,nquesteam@eventbrite.com,Male
384,6409854781,Luciana,lleminan@accuweather.com,Female
385,2769050931,Iver,ipringleyao@dagondesign.com,Male
386,7958605420,Thornie,tjentap@ovh.net,Male
387,4393042123,Conny,cespieaq@businessweek.com,Male
388,4334650120,Barn,bfoskewar@elegantthemes.com,Male
389,284972657,Derron,dlangdaleas@qq.com,Male
390,253037573,Trueman,tgrigoryovat@symantec.com,Male
391,1949780503,Falkner,fpickhaverau@tumblr.com,Polygender
392,9954640525,Kaitlynn,ksellstromav@wordpress.com,Polygender
393,1502886391,Dicky,ddeweraw@instagram.com,Male
394,2951191871,Alf,avallerax@is.gd,Male
395,5454103543,Courtnay,cderrickay@google.nl,Male
396,4093454027,Art,aoleksiakaz@va.gov,Male
397,3404735676,Celle,ckeymarb0@berkeley.edu,Female
398,1298890705,Emmye,ehenburyb1@uiuc.edu,Polygender
399,1850229910,Libbie,lblaszczakb2@indiatimes.com,Female
400,9566643039,Dorrie,dnannininib3@dot.gov,Non-binary
401,6240921386,Carmine,cmarmyonb4@springer.com,Male
402,6970089401,Josephine,jwitcherb5@digg.com,Female
403,2836060336,Worth,walandb6@mayoclinic.com,Male
404,5669984323,Tarrance,tcrommettb7@edublogs.org,Male
405,2635264856,Juliana,jdanilovicb8@ifeng.com,Female
406,4261901943,Stacia,sbrownswordb9@newyorker.com,Female
407,342991981,Lin,lhannantba@squidoo.com,Male
408,9003310033,Eduino,eboalerbb@hp.com,Male
409,6751282168,Angelico,aliffebc@t.co,Male
410,5423461510,Redford,rbestallbd@intel.com,Male
411,6441835452,Minnie,mcheesleybe@oracle.com,Female
412,8962288206,Chelsae,cmaccartairbf@nature.com,Female
413,3680034628,Ania,amonnellybg@examiner.com,Female
414,6743912182,Carlota,csymmonsbh@opensource.org,Female
415,2700408748,Glenn,gfairlambbi@columbia.edu,Male
416,6715739714,Jessamine,jjanecekbj@t-online.de,Bigender
417,1691936677,Vassili,vdugaldbk@123-reg.co.uk,Male
418,8483442957,Simone,sbeneixbl@wikispaces.com,Male
419,3221954069,Sloan,sbinnsbm@blinklist.com,Male
420,2775315127,Francis,fsnowdingbn@redcross.org,Male
421,7413087081,Griff,givashkinbo@flickr.com,Male
422,1387358138,Lonnie,lmadenbp@g.co,Polygender
423,9980540397,Beth,blightfootbq@comsenz.com,Female
424,6661615931,Viola,vtallynbr@ustream.tv,Female
425,7008000774,Webb,wcomizzolibs@washingtonpost.com,Male
426,4967652050,Fan,frosenauerbt@surveymonkey.com,Female
427,2940707367,Ethelda,eburroughesbu@salon.com,Female
428,1484977998,Maddy,mwinsonbv@plala.or.jp,Female
429,5308972648,Saloma,sbrazurbw@bloglovin.com,Female
430,5489946199,Sydelle,swallwoodbx@mtv.com,Female
431,7102036612,Hinze,hstockportby@hhs.gov,Male
432,9492496550,Augustine,abierlingbz@yelp.com,Male
433,4686798477,Neddie,nnewc0@multiply.com,Male
434,3271054681,Bil,bhonischc1@hc360.com,Male
435,415372089,Kalindi,ktillotc2@merriam-webster.com,Female
436,747854777,Flossi,fmonkc3@so-net.ne.jp,Female
437,4784989587,Forster,fmartinecc4@elpais.com,Male
438,4496136791,Clevey,clehucquetc5@businessweek.com,Male
439,5885050767,Eb,edechastelainc6@cbslocal.com,Male
440,3970423058,Frank,fbangerc7@fema.gov,Female
441,6961922201,Ogden,obacksc8@sfgate.com,Male
442,5668729788,Lotti,lfillinghamc9@baidu.com,Female
443,2825873403,Pavlov,phabbershonca@mapquest.com,Male
444,4596235929,Klement,kjonciccb@eepurl.com,Male
445,3019581974,Tamqrah,trankingcc@blinklist.com,Female
446,9817267717,Johnath,jcassincd@dedecms.com,Female
447,1595003800,Dorelle,dkyngece@psu.edu,Female
448,9279498460,Carr,cgraveycf@simplemachines.org,Male
449,6691419537,Joshuah,jmquhargecg@altervista.org,Male
450,7511573916,Ferd,fraffelsch@forbes.com,Male
451,7136169496,Cristabel,cbordmanci@tmall.com,Agender
452,4468751770,Raven,rroocroftcj@stanford.edu,Female
453,956643647,Perceval,ptellenbrokck@pinterest.com,Male
454,7694083638,Christophorus,ccowpertwaitcl@reddit.com,Male
455,7862082915,Rowe,radrianicm@scribd.com,Female
456,270204474,Dulcine,dfobidgecn@ca.gov,Female
457,5991528993,Von,vhabishawco@sogou.com,Male
458,9360481556,Kandace,kliveingcp@360.cn,Female
459,9133258791,Audra,aroadcq@blogger.com,Genderfluid
460,6107255796,Scott,srenisoncr@springer.com,Male
461,6393531568,Carolin,cduthycs@shinystat.com,Female
462,3742831453,Romonda,rfraserct@usgs.gov,Female
463,7110635619,Doralyn,dbennettscu@imageshack.us,Female
464,5091023674,Brandi,bmatejovskycv@pinterest.com,Female
465,1130996093,Loni,llammerichcw@upenn.edu,Female
466,8190606263,Michelle,meilertcx@mtv.com,Polygender
467,2657992366,Lurlene,lcolpuscy@twitpic.com,Female
468,6427780530,Kippar,kkellcz@delicious.com,Male
469,8165462199,Elsi,escothornd0@github.com,Female
470,71830642,Suzy,sormerodd1@oakley.com,Female
471,5986487990,Dudley,dkubackid2@etsy.com,Male
472,7687774701,Margi,mconneelyd3@discovery.com,Female
473,7376611061,Norbie,nlackintond4@nydailynews.com,Male
474,991838068,Phil,pbartolomuccid5@webs.com,Female
475,7379946307,Darryl,dmoxsteadd6@stanford.edu,Male
476,997879173,Letty,lchetwyndd7@wisc.edu,Female
477,6952484752,Berton,bdalbeyd8@pbs.org,Male
478,2499039388,Gilda,griguardd9@amazonaws.com,Female
479,4849694748,Georgine,gjermeyda@over-blog.com,Female
480,3557665046,Billy,bduntondb@hugedomains.com,Male
481,8805005193,Dennet,dbrahamsdc@blog.com,Male
482,4107534936,Mord,mjobsondd@seesaa.net,Male
483,4206702764,Lock,lbastinde@diigo.com,Male
484,2385685906,Em,ejakemandf@sina.com.cn,Male
485,1035356546,Cori,cwasmerdg@prnewswire.com,Male
486,4597961542,Carroll,cmunehaydh@abc.net.au,Female
487,4516732165,Janenna,jsuccamoredi@trellian.com,Female
488,7693576061,Jdavie,jbynolddj@pinterest.com,Male
489,7000164301,Rich,rcharerdk@jimdo.com,Male
490,2098427662,Townsend,ttebbettdl@google.com.hk,Male
491,6102293215,Ardys,amaindm@lulu.com,Female
492,7263550555,Genevieve,gwolpertdn@army.mil,Agender
493,3619686602,Joli,jcharettedo@wikia.com,Female
494,1359896546,Herold,hkilleleydp@t-online.de,Non-binary
495,6464336398,Appolonia,atrowelldq@house.gov,Female
496,311862934,Anabelle,apetyanindr@redcross.org,Female
497,9798372492,Giorgio,grozenzweigds@yandex.ru,Male
498,3676805704,Alvan,aisgatedt@wunderground.com,Agender
499,9900851986,Johannah,jsargentdu@4shared.com,Female
500,7352626115,Allis,afakesdv@ehow.com,Polygender
501,1644304902,Jerry,jsprosondw@studiopress.com,Male
502,7651619307,Boony,bainsbydx@reverbnation.com,Male
503,7340091831,Solomon,sbouldondy@cornell.edu,Male
504,8044365214,Tommie,tcowitzdz@fda.gov,Non-binary
505,7267992781,Gonzalo,giacopinie0@bloglovin.com,Male
506,4029427332,Roma,rcovottie1@guardian.co.uk,Male
507,5208175169,Kayne,kpagene2@jimdo.com,Male
508,5164780909,Fee,frowlande3@plala.or.jp,Male
509,7850634764,Frankie,fvamplerse4@shutterfly.com,Polygender
510,8234495569,Cathe,chubbolde5@github.io,Female
511,9991702318,Dwain,dsanthousee6@imageshack.us,Male
512,7753883399,Shaylah,semese7@businessweek.com,Female
513,9876685619,Jsandye,jahmade8@un.org,Female
514,5568229163,Vaughan,vchannone9@dedecms.com,Male
515,1728407060,Eleonora,ecallacherea@indiegogo.com,Female
516,4840042373,Jacenta,jdillingstoneeb@t-online.de,Female
517,1288962843,Eddi,esloaneec@homestead.com,Non-binary
518,892056606,Fulvia,fstented@weebly.com,Female
519,5274404626,Jareb,jbinneee@istockphoto.com,Male
520,4877027513,Donn,dcotteyef@oakley.com,Male
521,8695939391,Delores,dmalleyeg@nydailynews.com,Female
522,2288191740,Mischa,mivakineh@canalblog.com,Male
523,1201175801,Jobye,jboswellei@nbcnews.com,Female
524,1728997062,Evonne,ebraderej@phoca.cz,Female
525,8554849043,Alikee,aparbrookek@hc360.com,Genderfluid
526,7670880686,Edee,ewadgeel@discuz.net,Female
527,3852903874,Rosamund,rsimonichem@seattletimes.com,Female
528,4868045695,Rudy,rcornuen@google.de,Polygender
529,412218666,Ethelyn,estroulgereo@jiathis.com,Female
530,5090813027,Russ,rclendeningep@sourceforge.net,Male
531,2047859115,Shelley,sgochereq@hud.gov,Male
532,5803886874,Denni,dtrasser@twitter.com,Female
533,3924354782,Fanni,fhaymanes@usnews.com,Female
534,8328486547,Shaine,sclarksonet@imdb.com,Male
535,7008819188,Annabel,apeggremeu@guardian.co.uk,Female
536,9723649152,Maddalena,mpithcockev@washington.edu,Female
537,4492171487,Gunter,gsellsew@icq.com,Male
538,9794062715,Dale,drozenzweigex@utexas.edu,Female
539,7761504814,Durante,dralestoneey@washingtonpost.com,Male
540,2127948912,Shoshana,sstuckez@prweb.com,Polygender
541,8107301838,Hercule,hzaniolettif0@webnode.com,Male
542,1476454957,Kevyn,kolivarif1@cam.ac.uk,Female
543,47851376,Dar,dbrazearf2@unicef.org,Male
544,7954120589,Audrey,awealthallf3@blog.com,Female
545,8080910634,Madelaine,mmawbyf4@spiegel.de,Agender
546,2946583074,Tammie,tmccumskayf5@constantcontact.com,Male
547,8406388366,Linus,lbeachampf6@google.com.hk,Male
548,7866419590,Kristoffer,kpurkessf7@indiegogo.com,Male
549,6383950002,Mariejeanne,mwhacketf8@github.io,Female
550,8632635085,Harcourt,hfockef9@fc2.com,Male
551,4594609120,Almira,aarpinfa@latimes.com,Female
552,3450342959,Fidole,flarradfb@facebook.com,Male
553,1836282559,Salli,sdugmorefc@soundcloud.com,Female
554,3787636668,Clair,cgedlingfd@reuters.com,Genderqueer
555,1267451815,Alvera,aluckcockfe@mayoclinic.com,Female
556,3371624412,Burnard,bbignellff@icq.com,Male
557,6278547287,Kathi,kubankfg@hugedomains.com,Female
558,7085220775,Katharyn,kpadburyfh@addthis.com,Female
559,4006838522,Rustin,rshoesmithfi@de.vu,Male
560,2321912944,Stafford,strippickfj@miitbeian.gov.cn,Male
561,1894198972,Ceciley,cdanseyfk@dropbox.com,Female
562,2440746126,Jaimie,jfontesfl@tuttocitta.it,Female
563,1862153620,Theodoric,tandriolifm@mit.edu,Male
564,4148953704,Theodosia,tmcnerlinfn@addthis.com,Female
565,1955712727,Helga,hgorickfo@icio.us,Female
566,5344178549,Latrina,ljellicorsefp@digg.com,Female
567,8050332160,Frasier,frametfq@nationalgeographic.com,Male
568,4542109313,Sutherlan,scoppofr@sciencedirect.com,Male
569,8697219248,Lynelle,lhempelfs@ow.ly,Female
570,5776529174,Briny,bhallft@hatena.ne.jp,Female
571,5271409899,Melisent,mbrisseaufu@scientificamerican.com,Genderqueer
572,2001921101,Bonita,bbertomierfv@vkontakte.ru,Female
573,3918680266,Jethro,jsouleyfw@twitpic.com,Male
574,9954959823,Mina,mknattfx@opera.com,Female
575,6020032205,Florry,fdoryfy@abc.net.au,Agender
576,3855557578,Stacia,sshowlerfz@economist.com,Female
577,5111983724,Isaiah,istrettellg0@taobao.com,Male
578,1569802289,Patricio,ptrevethang1@ted.com,Male
579,8683902234,Chelsea,cnapoleong2@npr.org,Female
580,6103356628,Rudolph,rleateg3@wikia.com,Male
581,6099809864,Lem,lcockshttg4@geocities.com,Male
582,1205230203,Putnam,pgosseling5@skyrock.com,Male
583,862473802,Cori,cgronewayg6@devhub.com,Female
584,1911192558,Bryce,bternaultg7@telegraph.co.uk,Non-binary
585,9672298838,Tallia,tfewtrellg8@prweb.com,Female
586,863337872,Hazel,hmulqueenyg9@examiner.com,Male
587,1287868231,Myer,mjozsaga@princeton.edu,Agender
588,831438274,Isis,imckellergb@sitemeter.com,Female
589,9943945141,Maddy,mhookegc@alibaba.com,Female
590,692537120,Melvyn,mseeksgd@phpbb.com,Male
591,1865553174,Sonni,sthurstonge@businesswire.com,Female
592,3737851247,Bret,bwrengf@netvibes.com,Male
593,6792684759,Lizzie,lbourdasgg@miitbeian.gov.cn,Female
594,368034186,Teador,tbartczakgh@webs.com,Male
595,2033752658,Sayers,svailgi@vimeo.com,Male
596,3285956968,Mar,mblinckhornegj@weather.com,Male
597,8956916454,Arty,alabagk@earthlink.net,Polygender
598,9677611135,Herb,hbedburrowgl@china.com.cn,Male
599,5092049154,Stevy,ssigginsgm@shareasale.com,Male
600,2565264690,Redd,rilyasovgn@loc.gov,Male
601,2847056408,Francoise,fsarfatgo@dion.ne.jp,Agender
602,5980902163,Aloisia,aklaassensgp@unc.edu,Female
603,6217511827,Carmelia,cmarstersgq@wired.com,Female
604,7695102660,Nessi,nsparrygr@123-reg.co.uk,Female
605,310303389,Chen,cdrancegs@rakuten.co.jp,Male
606,8403361823,Norris,ngrouengt@yolasite.com,Agender
607,1569567042,Fredek,ffaucettgu@squidoo.com,Male
608,126202532,Bartholomeus,bshouttgv@cafepress.com,Polygender
609,9650642862,Padget,pmocklergw@foxnews.com,Male
610,6931810197,Esme,ecasadogx@sohu.com,Male
611,7755501604,Wilone,wronischgy@goo.ne.jp,Female
612,8751775603,Quillan,qgozneygz@examiner.com,Male
613,5946052764,Horton,hsycamoreh0@tinyurl.com,Male
614,249371529,Winston,wswordh1@storify.com,Male
615,9901599709,Roxie,rlaudhamh2@weibo.com,Female
616,5977221339,Juliet,jdoreth3@4shared.com,Agender
617,3479933661,Pauletta,ppaskh4@wikipedia.org,Genderfluid
618,6478291472,Abdul,amanesh5@elegantthemes.com,Male
619,9307615543,Adelind,ascoreyh6@stumbleupon.com,Genderqueer
620,1754180914,Charleen,cakriggh7@state.tx.us,Female
621,1185498737,Dela,deyesh8@icq.com,Female
622,1464778345,My,mbattellh9@cbc.ca,Male
623,9196740736,Davide,dgrinterha@1und1.de,Male
624,6726159471,Tanny,tchithamhb@last.fm,Genderqueer
625,7085722703,Arley,amccoishhc@pagesperso-orange.fr,Male
626,1979256489,Kenneth,ktitmanhd@google.cn,Male
627,8803126228,Leena,lcristolhe@princeton.edu,Female
628,9524458926,Eberto,egimblethf@reference.com,Male
629,9151332221,Lothario,ltomischhg@privacy.gov.au,Male
630,639134580,Harland,hwasbroughhh@cbsnews.com,Male
631,1600870090,Jone,jpowleyhi@icq.com,Polygender
632,5145069405,Bartlett,bnanohj@fc2.com,Male
633,5264920281,Michel,mtassakerhk@gov.uk,Agender
634,2693325013,Archer,adarkinshl@berkeley.edu,Male
635,2899093312,Nonah,nquickfallhm@europa.eu,Female
636,6224837449,Kerby,kdanilewiczhn@hubpages.com,Male
637,6696261761,Anderson,adodgshunho@go.com,Male
638,1390051633,Thaddus,tbachurahp@quantcast.com,Male
639,8889961775,Nedda,njustishq@photobucket.com,Female
640,4111786332,Farrah,fburretthr@plala.or.jp,Non-binary
641,7571608287,Gusella,gspaicehs@earthlink.net,Female
642,6325357701,Rosa,rboddieht@sphinn.com,Female
643,7038034235,Marion,mtynanhu@cdc.gov,Male
644,8732485751,Aurea,agombyhv@facebook.com,Female
645,2600316809,Uta,utalkingtonhw@woothemes.com,Female
646,6424191879,Juline,jgoldinehx@hibu.com,Female
647,6038991557,Roldan,rstairshy@omniture.com,Male
648,8735068612,Hilario,hredfernehz@earthlink.net,Male
649,5187084658,Harland,hcrofthwaitei0@abc.net.au,Male
650,2134266708,Molly,mgrevilei1@mac.com,Female
651,8293016256,Hatty,hdaynei2@amazon.co.jp,Female
652,852015631,Nona,nberricki3@omniture.com,Female
653,9242750840,Sari,seldredi4@theguardian.com,Agender
654,3666883907,Mag,mheritegei5@cbsnews.com,Female
655,2827826275,Carmella,cglasspooli6@mediafire.com,Female
656,2330698569,Chris,ccrousei7@google.com.br,Female
657,5389043103,Iorgos,iswabeyi8@smugmug.com,Male
658,922106924,Gale,gthoumasi9@google.es,Female
659,1531398103,Hermina,hsherrocksia@edublogs.org,Female
660,5837623108,Maridel,mjohnceyib@dailymail.co.uk,Female
661,765724200,Timmie,tlangstoneic@ifeng.com,Genderqueer
662,1730757588,Karolina,kjakoubekid@mapquest.com,Female
663,3890916910,Weston,wsichardtie@slashdot.org,Male
664,6115127262,Isac,icrockleyif@indiatimes.com,Male
665,5167398932,Ambrosio,aharmanig@cocolog-nifty.com,Male
666,3468930526,Lyndel,lkinglakeih@cmu.edu,Female
667,1638203970,Leanor,lclaypooleii@facebook.com,Female
668,6942949612,Cristin,cwedgeij@auda.org.au,Female
669,5775780280,Martin,mgoldingayik@purevolume.com,Male
670,9202573913,Thaddeus,tbarnbyil@slate.com,Male
671,9636828113,Bernette,bjulyim@unc.edu,Female
672,60574569,Norris,ncrakein@adobe.com,Male
673,7012467940,Mandie,mmouleio@wikispaces.com,Female
674,3847531603,Claudius,cdaveridgeip@addtoany.com,Agender
675,2302058054,Duke,dmainstoniq@rediff.com,Male
676,2882453043,Bria,bjeaneauir@wix.com,Female
677,9760229706,Abramo,alempennyis@google.co.jp,Male
678,1903932971,Mickie,mmeedendorpeit@hibu.com,Female
679,747733392,Janean,jjollandsiu@nba.com,Female
680,8075465245,Jessamyn,jfranckiv@jimdo.com,Female
681,3170561006,Tomasina,tomahoneyiw@edublogs.org,Female
682,8628282408,Morty,mlocheadix@webmd.com,Male
683,5225464483,Ric,rpalleiy@wikimedia.org,Male
684,7979756096,Mora,mamburgyiz@uol.com.br,Female
685,7421219528,Margarita,myoudej0@a8.net,Female
686,384295991,Nadine,nwildmanj1@msn.com,Genderfluid
687,9376497120,Lancelot,lsutherlandj2@goo.ne.jp,Bigender
688,2973917956,Jacky,jjacklingj3@globo.com,Female
689,320825027,Jo,jbegginij4@sphinn.com,Genderfluid
690,7838705711,Alexandros,aswangerj5@zimbio.com,Male
691,4105941100,Noach,nbooijj6@studiopress.com,Genderfluid
692,9153370155,Dacie,dbristoj7@uiuc.edu,Female
693,2014949816,Ray,rkelemenj8@weibo.com,Male
694,3034339496,Tam,tshepardj9@yellowbook.com,Male
695,3109792397,Jennie,jleheudeja@unesco.org,Female
696,4912497576,Syd,saultonjb@harvard.edu,Male
697,6886529307,Montague,meliyahujc@irs.gov,Male
698,5575378659,Angelita,awyldishjd@auda.org.au,Female
699,1002981530,Standford,sorriceje@opera.com,Male
700,9082925850,Isabelita,ifelkinjf@jugem.jp,Female
701,7575379290,Howard,hblissjg@cdbaby.com,Male
702,6624518537,Rodrick,rchingedehalsjh@t-online.de,Male
703,9620147715,Pacorro,pjelkji@diigo.com,Non-binary
704,40100693,Danyelle,druggenjj@ted.com,Female
705,3356243268,Hedvig,hwychjk@hp.com,Genderqueer
706,5671188652,Kenny,khandoverjl@dion.ne.jp,Male
707,8572064567,Bron,bdufaurjm@4shared.com,Male
708,83339698,Leese,lmattingleyjn@phoca.cz,Genderfluid
709,7111711203,Rodney,rkordasjo@1und1.de,Male
710,4341684671,Case,ctintojp@archive.org,Male
711,474546209,Kelley,kedmensonjq@quantcast.com,Bigender
712,4142132237,Timoteo,tbuttenjr@facebook.com,Male
713,4797235004,Madel,mschenfischjs@nydailynews.com,Female
714,9779212108,Valerye,vstiveyjt@foxnews.com,Female
715,9443408163,Beau,bmckibbinju@altervista.org,Male
716,2935526767,Magdalene,msuddelljv@addthis.com,Female
717,6797799821,Nannette,nmichielijw@woothemes.com,Female
718,7965314827,Fayette,fohalliganjx@sun.com,Bigender
719,4189806943,Brandie,bbimrosejy@artisteer.com,Genderfluid
720,7318941224,Penny,pdallmanjz@forbes.com,Female
721,9159906057,Thomasine,terikssonk0@twitter.com,Female
722,1254920773,Tibold,ttolertonk1@noaa.gov,Male
723,5881531124,Chloe,csoaperk2@wired.com,Genderqueer
724,9809633882,Corene,cbrantk3@admin.ch,Female
725,7605948174,Garrik,gtettleyk4@sun.com,Male
726,1338522663,Nilson,nsabbatierk5@ehow.com,Male
727,5457572285,Mallory,mwillmorek6@netvibes.com,Genderfluid
728,6197179083,Kim,kfawlksk7@nifty.com,Female
729,8831453785,Whitman,wferrarettok8@indiegogo.com,Male
730,249904152,Corinne,cmallardk9@yandex.ru,Female
731,3336267048,Nolie,nmesserka@yellowpages.com,Female
732,7860744260,Brook,bjaneczekkb@bloglovin.com,Female
733,8621402912,Darrelle,dyantsurevkc@washington.edu,Female
734,9928347905,Elvera,emayheadkd@nymag.com,Female
735,1289930937,Florentia,fcrakeke@baidu.com,Female
736,3574766165,Viva,vmcclunekf@canalblog.com,Female
737,9627482137,Kirsti,ktomekg@fda.gov,Polygender
738,8846548795,Kermie,kgherardescikh@phpbb.com,Male
739,6945811239,Artemus,amilstedki@wix.com,Male
740,6184745468,Lorelle,lreagankj@comsenz.com,Female
741,1883350654,Thor,tcaffkk@is.gd,Male
742,1652723935,Julianne,jbendixkl@ning.com,Female
743,9095888770,Jane,jsclanderskm@reference.com,Female
744,4151895353,Christine,churchekn@icq.com,Female
745,3211659668,Gasper,gsavageko@nsw.gov.au,Male
746,2862499323,Raimundo,rkellogkp@washingtonpost.com,Male
747,1462076076,Olympe,okildaykq@github.com,Female
748,7947677948,Nana,nwickardtkr@acquirethisname.com,Female
749,4087504832,Natalya,nquiddihyks@go.com,Female
750,9740380999,Inger,ipickupkt@ehow.com,Male
751,8996056383,Codie,csydesku@godaddy.com,Female
752,6294756316,Jerad,jgosneykv@rediff.com,Male
753,8311768994,Linus,lolivierkw@telegraph.co.uk,Male
754,3750048843,Ev,emcgahykx@google.ca,Bigender
755,1851276475,Florette,fvigursky@t.co,Female
756,2840650940,Charlton,cmacfarlanekz@princeton.edu,Male
757,6580645210,Jocko,jmartynovl0@aboutads.info,Male
758,5428644567,Katti,khaughinl1@ucsd.edu,Female
759,4492799672,Glennie,ggiovannazzil2@cornell.edu,Female
760,8563663275,Dalton,dkeedwelll3@bandcamp.com,Male
761,865683581,Elsy,ehallawelll4@ovh.net,Female
762,6001801606,Amerigo,acornfootl5@unc.edu,Male
763,4759063595,Bella,blaffranconil6@umn.edu,Female
764,9999491170,Kacie,kwhitehalll7@wix.com,Female
765,9647498527,Brittaney,bguilloul8@w3.org,Female
766,4335855990,Crin,ctyersl9@nature.com,Female
767,8395055889,Curry,cskeletonla@yelp.com,Male
768,6837420518,Rudolfo,rweberlb@shutterfly.com,Male
769,6110397733,Rafferty,rleaninglc@odnoklassniki.ru,Male
770,6948057179,Brade,bmccathield@macromedia.com,Male
771,7370907236,D'arcy,dcolegrovele@instagram.com,Non-binary
772,657695491,Hi,htungaylf@wp.com,Male
773,5691558781,Griswold,gboydonlg@mapquest.com,Male
774,7784973489,Hortensia,hpetrushkalh@tripod.com,Female
775,4451632714,Ian,icholmondeleyli@nymag.com,Male
776,9208930920,Ynes,yhannentlj@studiopress.com,Female
777,7837241304,Althea,aroddielk@opera.com,Female
778,4778457234,Stillman,siacovaccill@netvibes.com,Male
779,2583449974,Leanor,ldomleolm@ezinearticles.com,Female
780,4943150896,Eleonora,evandecappelleln@youku.com,Female
781,6638008838,Jamesy,jfritschmannlo@rediff.com,Male
782,5587695530,Reagan,rwapollp@wordpress.org,Male
783,9415731737,Catlin,cstychlq@hp.com,Female
784,191562416,Brinna,bgiblinlr@furl.net,Non-binary
785,5985342999,Claudius,cchildls@etsy.com,Male
786,2739176465,Katee,kbreadmorelt@vk.com,Bigender
787,9372802603,Johna,jsuddardslu@google.co.uk,Female
788,9208677036,Lynett,lalderseylv@dailymail.co.uk,Female
789,9421885430,Vinnie,vbassolw@fastcompany.com,Male
790,3829332912,Sibley,srosbothamlx@un.org,Female
791,8506047269,Melinda,mcouroyly@omniture.com,Female
792,7510003520,Ilaire,irentellllz@shareasale.com,Male
793,4350367519,Herminia,hshireffm0@gizmodo.com,Female
794,3434813705,Sherlock,soxenfordm1@china.com.cn,Male
795,750553863,Foster,fconantm2@themeforest.net,Bigender
796,5587870235,Irwin,icausleym3@tripadvisor.com,Male
797,9603188344,Sissie,sgriswoodm4@bing.com,Female
798,8470146084,Amata,apanichellim5@simplemachines.org,Female
799,8574483656,Joscelin,jdomenym6@csmonitor.com,Female
800,5591605923,Tyler,tpaxfordem7@a8.net,Male
801,2908498359,Iorgo,ispillanem8@shinystat.com,Male
802,4706102456,Abbot,amarcum9@moonfruit.com,Male
803,7943702824,Ulrick,ucouperma@t.co,Male
804,4274389626,Clair,cbrentmb@weather.com,Agender
805,3430848717,Suzanne,scakesmc@senate.gov,Female
806,5306110975,Katusha,kstablermd@a8.net,Female
807,3200207698,Bordie,bbenoeyme@webs.com,Male
808,7939832778,Durante,ddanigelmf@123-reg.co.uk,Male
809,2262224730,Torrence,tmoringmg@vistaprint.com,Male
810,5666849182,Sonya,shulbertmh@hubpages.com,Female
811,5080387882,Eudora,echootermi@google.es,Non-binary
812,2516609884,Palmer,pdonnemj@bing.com,Male
813,19759134,Onfroi,ocleevesmk@typepad.com,Male
814,1556741537,Arlyn,aelvinsml@hao123.com,Female
815,3523348684,Tybie,tpiniurmm@chicagotribune.com,Female
816,7769106389,Jacqueline,jbodicammn@purevolume.com,Female
817,5806785262,Lowell,lelsymo@indiegogo.com,Male
818,9518222274,Herschel,hgoldsteinmp@dagondesign.com,Male
819,7746602061,Olia,oberkmq@cdc.gov,Female
820,6395942689,Orella,oepgravemr@artisteer.com,Female
821,8995934468,Tybi,tdroganms@admin.ch,Female
822,2359900897,Nathanil,njagermt@smugmug.com,Male
823,7610678325,Jennette,jchadwickmu@microsoft.com,Female
824,7088285452,Shane,sphilpotmv@whitehouse.gov,Male
825,9496954189,Xylia,xhabgoodmw@nymag.com,Female
826,3986840273,Der,dszymanekmx@photobucket.com,Male
827,4078556191,Jaimie,jhaggletonmy@typepad.com,Male
828,1267804572,Starr,sfellowmz@ning.com,Female
829,1488938628,Harrison,hstepneyn0@epa.gov,Male
830,8205360286,Falito,fsommersettn1@github.com,Male
831,9740537375,Vinita,vfumagallin2@europa.eu,Female
832,6637576379,Mavis,mmccorleyn3@discovery.com,Agender
833,8621001497,Morna,mbeacroftn4@sbwire.com,Female
834,3609265728,Les,lweinern5@who.int,Male
835,2055862154,Tris,ttadmann6@ft.com,Male
836,5540346823,Tana,tflanigann7@sbwire.com,Female
837,3999192739,Skipton,scadoren8@example.com,Genderqueer
838,4807059041,Drew,djensenn9@feedburner.com,Male
839,1142625591,Florian,fjammesna@whitehouse.gov,Male
840,4245580356,Tan,traingernb@miibeian.gov.cn,Male
841,1745666486,Laina,lcoviellonc@livejournal.com,Female
842,812013425,Nonna,nedinboroughnd@myspace.com,Female
843,626153409,Helenka,hembyne@nifty.com,Female
844,72464186,Theresita,ttaitnf@etsy.com,Female
845,4297897121,Jessy,jhadlingtonng@hc360.com,Polygender
846,2680096231,Melesa,mvaseynh@themeforest.net,Female
847,504177729,Juan,jklaaasenni@hao123.com,Male
848,5074909392,Madel,mbrounsellnj@archive.org,Female
849,4981451822,Steward,sbenchernk@macromedia.com,Male
850,4253078117,Cilka,citzhaieknl@google.com.hk,Female
851,2840051044,Terence,tribynm@hud.gov,Male
852,334172233,Hilary,hbiaggettinn@elpais.com,Male
853,8627044503,Kirby,kpiddlesdenno@symantec.com,Male
854,4436787249,Justinian,jtomaszewicznp@wunderground.com,Male
855,7404881323,Marris,mburlandnq@salon.com,Female
856,3584621739,Weber,wcampsnr@odnoklassniki.ru,Male
857,9542331738,Bancroft,bhalwoodns@dion.ne.jp,Male
858,8608581051,Noellyn,nbyrent@ucoz.com,Female
859,4179284936,Toiboid,tjewisenu@csmonitor.com,Male
860,356414590,Misty,mcalfenv@columbia.edu,Female
861,2018424297,Lynette,llambornnw@mapquest.com,Agender
862,132640201,Brendis,bcoastnx@ezinearticles.com,Male
863,5522687371,Valle,vlabbetny@meetup.com,Male
864,3395896889,Arnaldo,anivennz@canalblog.com,Polygender
865,6886063294,Ardella,acaitlino0@patch.com,Female
866,5291840625,Riva,rlorento1@pcworld.com,Female
867,190292717,Nappy,ntinero2@japanpost.jp,Male
868,1324782080,Rosie,rscatchero3@wufoo.com,Polygender
869,1569173036,Selina,sturrello4@weibo.com,Female
870,6176998115,Fawnia,fjanouto5@godaddy.com,Female
871,9040171904,Zandra,zklimontovicho6@tiny.cc,Female
872,1281867365,Howard,hbuckelo7@census.gov,Genderfluid
873,4195438837,Cliff,cmacako8@biglobe.ne.jp,Male
874,7185057248,Kevan,klowthorpeo9@wp.com,Male
875,9596281860,Calley,croscheroa@apple.com,Female
876,1454429895,Skelly,srenishob@github.com,Male
877,1020589981,Ban,bfarralloc@bbc.co.uk,Male
878,7239463850,Caro,ckilrowod@nydailynews.com,Female
879,7606993017,Chandler,cmcgingoe@java.com,Male
880,7301104758,Kippy,kpoetzof@squarespace.com,Male
881,2787152333,Brendon,bportmanog@typepad.com,Male
882,4645463527,Tierney,talekhovoh@blogger.com,Female
883,1393348548,Aprilette,adeekesoi@chronoengine.com,Female
884,5083970813,Seamus,sditchettoj@sitemeter.com,Male
885,2661566783,Oby,ocastelletok@etsy.com,Male
886,8768107412,Ephraim,epietaschol@cnet.com,Male
887,4243131104,Hinze,hkelbererom@de.vu,Male
888,581952405,Larina,lwillmettson@timesonline.co.uk,Female
889,4717944283,Ursala,ulattieoo@psu.edu,Female
890,4258759406,Sherlocke,smahargop@foxnews.com,Male
891,8664738823,Stern,sadamovitchoq@so-net.ne.jp,Male
892,2931269409,Genevra,gdumperor@blinklist.com,Female
893,3892681562,Jenn,jhacunos@webs.com,Female
894,2306836531,Marabel,mrichardinot@angelfire.com,Female
895,7637001148,Annetta,abaumanou@tinyurl.com,Female
896,1227665830,Chrystel,cjosipovicov@buzzfeed.com,Female
897,7034115125,Tanitansy,tchartreow@alexa.com,Female
898,5176849666,Ragnar,rganfortheox@sun.com,Non-binary
899,2087174792,Abramo,awatersonoy@ning.com,Male
900,9954548904,Wenonah,wkiddoz@topsy.com,Female
901,6066568965,Tades,thuntingfordp0@aboutads.info,Male
902,2259358705,Lonny,lcheerp1@bigcartel.com,Male
903,8643140953,Martynne,maguilarp2@cloudflare.com,Female
904,1911604198,Lorianne,lradbornp3@php.net,Female
905,5541900050,Estella,eridgersp4@prweb.com,Female
906,5209040364,Davine,dchaudrellep5@ted.com,Female
907,1721603301,Marigold,mmcerlainep6@etsy.com,Female
908,5336185604,Addison,askeinp7@t.co,Male
909,9497493991,Zonnya,zcockep8@fotki.com,Female
910,2563924790,Hamish,hpiddingtonp9@taobao.com,Male
911,1084358425,Hoyt,hpursglovepa@bbc.co.uk,Male
912,8479453818,Rorke,rbrollypb@un.org,Male
913,7679878757,Jackelyn,jmquhanpc@psu.edu,Female
914,6285933391,Ermin,ecorbouldpd@goo.gl,Male
915,1024892603,Nesta,nasherpe@naver.com,Female
916,5777790577,Gram,gdunbobbinpf@cornell.edu,Agender
917,2266993062,Kinnie,ksherebrookepg@reference.com,Male
918,8062041883,Nahum,ngaylerph@yale.edu,Non-binary
919,5638029176,Vi,vcoppockpi@arstechnica.com,Genderfluid
920,4161536127,Kelsi,kgiraudouxpj@umn.edu,Female
921,480302545,Torr,tfearnpk@ibm.com,Male
922,1445565366,Kaleb,kodonohoepl@gmpg.org,Male
923,14095920,Rip,rcombepm@diigo.com,Male
924,7742943883,Hannie,hcrimpn@symantec.com,Female
925,8302745618,Saloma,sbecarispo@telegraph.co.uk,Female
926,9798577744,Jarvis,jdanielskipp@apple.com,Male
927,4080159684,Ewart,elathleiffurepq@china.com.cn,Male
928,5151651927,Harrietta,hferronpr@cbsnews.com,Female
929,1360422951,Jimmy,jhearstps@altervista.org,Male
930,6401517964,Tybi,tcoldtartpt@wordpress.com,Female
931,4054867871,Trstram,tdosdillpu@google.de,Male
932,9455560445,Lucienne,lcastellinopv@4shared.com,Female
933,1981433155,Cindra,clawfordpw@google.es,Female
934,8297293173,Austine,ajenckenpx@aol.com,Female
935,5338241730,Matthieu,mpittmanpy@si.edu,Male
936,3114631010,Tasia,tbarbarypz@dion.ne.jp,Female
937,5838609788,Gina,glittlepageq0@ebay.co.uk,Genderfluid
938,7931351320,Amii,acleoburyq1@engadget.com,Female
939,320676307,Clarissa,cdawdaryq2@mail.ru,Genderfluid
940,58908145,Janaya,jsidworthq3@xrea.com,Female
941,4683649314,Byram,bbeaudryq4@bandcamp.com,Male
942,790989123,Waylon,wdefreitasq5@sfgate.com,Male
943,5373252220,Bryon,bnockoldsq6@elpais.com,Male
944,1855452464,Georgi,gblesliq7@jiathis.com,Male
945,6392515089,Cece,ccordsenq8@japanpost.jp,Male
946,7988967797,Patton,ppilsworthq9@com.com,Male
947,8639054444,Oneida,oyoslowitzqa@engadget.com,Female
948,665805810,Donelle,dtythertonqb@lycos.com,Female
949,8555082609,Ardisj,asparshettqc@census.gov,Female
950,9478736817,Harwilll,hgwionethqd@dailymail.co.uk,Male
951,1728425158,Bruno,bsheaqe@phpbb.com,Male
952,7963937711,Brinn,bshercliffqf@google.co.uk,Female
953,6587202683,Brittaney,bfeaveryearqg@sakura.ne.jp,Female
954,1468303805,Bili,bmclurgqh@europa.eu,Female
955,5640146524,Urson,upargentqi@ow.ly,Male
956,7196284518,Jessi,jgareyqj@independent.co.uk,Female
957,8013717097,Doloritas,dbrimicombeqk@intel.com,Agender
958,336014163,Ashly,awingattql@senate.gov,Female
959,5575504530,Emylee,erosbergqm@jugem.jp,Female
960,1673789889,Ryun,rmoulesqn@over-blog.com,Male
961,8022300403,Addie,ajaumeqo@cpanel.net,Genderqueer
962,8761390550,Willy,wdanielisqp@4shared.com,Female
963,4257610204,Carmon,cworssamqq@xing.com,Bigender
964,3689281857,Jannelle,jlebellqr@hp.com,Female
965,1597400521,Mendie,mchildrensqs@mozilla.org,Male
966,7438416178,Shalna,skinninqt@hud.gov,Agender
967,8415218680,Anna-diane,atorriqu@feedburner.com,Female
968,9283073320,Gauthier,gphilippsohnqv@aboutads.info,Male
969,9979134127,Hannah,hmatzenqw@jugem.jp,Genderqueer
970,1398824585,Linn,lmcneelyqx@w3.org,Male
971,2918124095,Lovell,lpiggensqy@etsy.com,Male
972,7660896628,Mikaela,mperfordqz@yale.edu,Female
973,7293151810,Lorry,loulettr0@shinystat.com,Male
974,2087611165,Alyce,ahickfordr1@barnesandnoble.com,Female
975,6075918752,Reid,rspeendenr2@irs.gov,Genderqueer
976,5106448646,Christian,cskaidr3@etsy.com,Male
977,8940521765,Irving,inovellor4@naver.com,Polygender
978,8486932718,Erv,epenmanr5@angelfire.com,Male
979,769724361,Mari,mgethinr6@163.com,Female
980,6376024254,Andrej,abreretonr7@amazon.co.uk,Male
981,5875816422,Llewellyn,lmertgenr8@ted.com,Male
982,6641366928,Paule,pblowesr9@indiatimes.com,Female
983,4880101990,Elnar,efreirera@about.com,Male
984,6009438543,Rosaleen,rmixturerb@is.gd,Female
985,907247474,Alexis,asandhamrc@ovh.net,Male
986,173171222,Karie,kstearnesrd@webnode.com,Female
987,6941541040,Derwin,dhawardenre@quantcast.com,Male
988,3330356812,Tabby,toldcoterf@google.pl,Female
989,1588171000,Koressa,kspacierg@elegantthemes.com,Female
990,5342210275,Vanna,vcolcombrh@elpais.com,Female
991,183206223,Edythe,egomanri@netlog.com,Female
992,4096576263,Dinah,dchampainrj@google.cn,Female
993,4012425897,Aryn,aaleevyrk@hud.gov,Female
994,1623603064,Dov,dhambridgerl@nps.gov,Male
995,3393674595,Ladonna,ljollyerm@rediff.com,Female
996,449335194,Leah,lgimenorn@bigcartel.com,Female
997,6908679608,Nerte,ngyvesro@vkontakte.ru,Female
998,8702806169,Alisha,ahallbordrp@sphinn.com,Female
999,9632854705,Sharon,sfawleyrq@1und1.de,Female
1000,4387992115,Carlyle,cfrottonrr@yolasite.com,Male